{"cameraMode":{"drawMode":0,"name":"Shaded","section":"Shading Mode"},"sceneLighting":false,"audioPlay":false,"sceneViewState":{"showFog":true,"showMaterialUpdate":true,"showSkybox":false,"showFlares":true,"showImageEffects":true,"showParticleSystems":true},"in2DMode":false,"pivot":{"x":-3.7240805625915529,"y":-3.6377203464508058,"z":-0.4335474967956543},"rotation":{"x":-0.007779317442327738,"y":-0.08778728544712067,"z":0.0006855740793980658,"w":-0.9961109161376953},"size":1.9640119075775147,"orthographic":false}