{"cameraMode":{"drawMode":0,"name":"Shaded","section":"Shading Mode"},"sceneLighting":true,"audioPlay":false,"sceneViewState":{"showFog":true,"showMaterialUpdate":true,"showSkybox":true,"showFlares":true,"showImageEffects":true,"showParticleSystems":true},"in2DMode":false,"pivot":{"x":2.5469765663146974,"y":0.3428109586238861,"z":3.771800994873047},"rotation":{"x":0.0011901952093467117,"y":-0.020401880145072938,"z":-0.00002428343941573985,"w":-0.999793291091919},"size":10.3178129196167,"orthographic":false}