{"cameraMode":{"drawMode":0,"name":"Shaded","section":"Shading Mode"},"sceneLighting":false,"audioPlay":false,"sceneViewState":{"showFog":true,"showMaterialUpdate":true,"showSkybox":false,"showFlares":true,"showImageEffects":true,"showParticleSystems":true},"in2DMode":false,"pivot":{"x":2.363485336303711,"y":-0.3747083842754364,"z":-0.30841290950775149},"rotation":{"x":-0.022796006873250009,"y":-0.03239007666707039,"z":0.000740082177799195,"w":-0.999226450920105},"size":2.398862838745117,"orthographic":false}