{"cameraMode":{"drawMode":0,"name":"Shaded","section":"Shading Mode"},"sceneLighting":true,"audioPlay":false,"sceneViewState":{"showFog":true,"showMaterialUpdate":true,"showSkybox":true,"showFlares":true,"showImageEffects":true,"showParticleSystems":true},"in2DMode":false,"pivot":{"x":0.2036377638578415,"y":-1.7725231647491456,"z":3.8725481033325197},"rotation":{"x":0.0011901952093467117,"y":-0.020401880145072938,"z":-0.00002428343941573985,"w":-0.999793291091919},"size":4.549938678741455,"orthographic":false}