{"cameraMode":{"drawMode":0,"name":"Shaded","section":"Shading Mode"},"sceneLighting":false,"audioPlay":false,"sceneViewState":{"showFog":true,"showMaterialUpdate":true,"showSkybox":false,"showFlares":true,"showImageEffects":true,"showParticleSystems":true},"in2DMode":false,"pivot":{"x":-1.437096118927002,"y":0.9009820818901062,"z":9.28003978729248},"rotation":{"x":-0.06529209017753601,"y":-0.3325957953929901,"z":0.023089278489351274,"w":-0.9405251145362854},"size":0.7630388140678406,"orthographic":false}